UTC,Temperature,Humidity
1678974021230,26.81,39.14
1678974032489,26.75,39.52
1678974043768,26.75,39.11
1678974055046,26.75,39.18
1678974066325,26.75,39.48
1678974077605,26.75,39.45
1678974088866,26.75,39.41
1678974100161,26.69,39.43
1678974111451,26.69,39.56
1678974122723,26.69,39.46
1678974134021,26.69,39.3
1678974145279,26.69,39.36
1678974156556,26.69,39.43
1678974167837,26.69,39.13
1678974179120,26.69,38.86
1678974190395,26.69,38.69
1678974201674,26.69,39.3
1678974212951,26.69,39.36
1678974224249,26.62,39.3
1678974235529,26.62,39.3
1678974246801,26.62,38.62
1678974258061,26.62,38.5
1678974269375,26.62,38.47
1678974280628,26.56,38.91
1678974291907,26.56,39.37
1678974988212,25.12,36.47
1678975604451,25,34.64
1678976220711,25,36.09
1678976836977,25,34.97
1678977453210,25,34.71
1678978069462,25.12,38.59
1678978685680,24.81,35.22
1678979301947,24.75,34.99
1678979918194,24.88,35.74
1678980534441,24.56,32.74
1678981150683,24.44,32.37
1678981766916,24.12,34.01
1678982383179,23.94,35.39
1678982999433,23.75,36.1
1678983615668,23.56,37.3
1678984231922,23.38,38.75
1678984848149,23.19,39.02
1678985464410,23.12,40.02
1678986080658,23.06,40.98
1678986696884,23.56,42.31
1678987313149,23.69,42.71
1678987929398,23.69,43.07
1678988545635,23.75,43.52
1678989161893,24,43.25
1678989778113,24.31,43.3
1678990394377,24.5,42.82
1678991010625,24.69,42.84
1678991626861,24.88,42.87
1678992243112,25,42.86
1678992859349,24.94,43
1678993475627,24.88,43.46
1678994091862,24.75,44.14
1678994708090,24.75,44.45
1678995324346,24.75,45.28
1678995940596,24.69,45.17
1678996556840,24.94,44.79
1678997173095,25.12,44.94
1678997789320,25.31,44.77
1678998405575,25.5,44.76
1678999021815,25.62,44.66
1678999638072,25.69,44.42
1679000254321,25.81,45.85
1679000870551,25.88,44.24
1679001486811,25.56,43.06
1679002103063,25.19,43.13
1679002719288,24.88,43.35
1679003335549,24.69,43.12
1679003951799,24.69,43.62
1679004568028,24.5,43.72
1679005184286,24.5,43.84
1679005800536,24.25,44.34
1679006416783,24.38,45.03
1679007033023,24.31,45
1679007649250,24.25,44.93
1679008265516,24.19,44.83
1679008881764,24.12,44.88
1679009498010,24,46.12
1679010114248,23.75,45.83
1679010730490,23.38,46.38
1679011346752,23.12,46.36
1679011963001,22.94,45.98
1679012579228,22.81,47.01
1679013195490,22.69,47.15
1679013811742,22.56,47.15
1679014427974,22.5,47.29
1679015044234,22.38,47.4
1679015660459,22.31,47.43
1679016276712,22.31,47.66
1679016892970,22.31,47.65
1679017509198,22.25,48.52
1679018125454,22.25,48.65
1679018741700,22.19,48.79
1679019357949,22.12,48.73
1679019974201,22,48.14
1679020590431,22,48.24
1679021206691,21.94,47.64
1679021822937,22.38,46.93
1679022439163,22.75,48.19
1679023055429,23,47.29
1679023671677,23.06,46.73
1679024287920,22.94,46.64
1679024904165,22.94,46.14
1679025520399,22.94,46.04
1679026136679,22.88,46.47
1679026752908,22.75,46.51
1679027369141,22.56,46.88
1679027985406,22.5,47.44
1679028601647,22.44,46.99
1679029217895,22.38,47.32
1679029834144,22.25,47.23
1679030450371,22.19,47.3
1679031066627,22.44,46.06
1679031682873,22.62,45.32
1679032299103,22.81,45.25
1679032915364,22.88,44.71
1679033531613,22.94,44.74
1679034147857,22.81,44.75
1679034764106,22.88,45.38
1679035380344,22.75,44.06
1679035996594,23,46.46
1679036612857,22.94,46.99
1679037229094,22.81,45.8
1679037845344,22.75,46.64
1679038461564,22.5,44.08
1679039077833,22.56,46.72
1679039694076,22.5,45.78
1679040310309,23.62,44.3
1679040926571,23.75,44.43
1679041542824,23.44,45.05
1679042159067,23.62,45.36
1679042775311,23.69,43.64
1679043391543,24.06,44.01
1679044007794,24.25,42.24
1679044624055,24.25,44.09
1679045240280,24.25,44.56
1679045856541,24.44,40.75
1679046472791,24.5,44.61
1679047089033,24.62,44.54
1679047705285,24.38,42.81
1679048321512,24.44,42.9
1679048937771,24.31,42.9
1679049554024,24.44,41
1679050170249,24.69,43.01
1679050786511,23.5,38.44
1679051402746,24.19,41.48
1679052019003,24.31,40.68
1679052635253,24.62,41.02
1679053251482,24.62,40.06
1679053867739,24.19,40.75
1679054483978,24.69,39.81
1679055100218,24.5,41.02
1679055716481,24.69,35.97
1679056332731,24.44,35.14
1679056948969,24.44,33.52
1679057565219,24.75,34.12
1679058181441,25.06,36.43
1679058797712,25.31,36.41
1679059413950,25.38,37.48
1679060030181,25.44,36.71
1679060646448,25.62,37.2
1679061262697,24.81,34
1679061878939,24.94,32.13
1679062495196,24.81,31.02
1679063111420,24.88,30.98
1679063727675,24.75,30.76
1679064343928,24.56,29.08
1679064960158,24.81,32.73
1679065576419,24.81,33.99
1679066192678,24.56,32.45
1679066808910,24.5,36.88
1679067425161,24.12,34.44
1679068041389,24.06,37.6
1679068657652,23.75,35.63
1679069273891,23.56,33.96
1679069890220,23.12,35.53
1679070506387,22.81,36.02
1679071122604,22.5,37.72
1679071738881,22.81,36.54
1679072355132,23.12,37.96
1679072971358,23.56,39.78
1679073587612,23.75,40.4
1679074203866,23.81,40.97
1679074820096,23.81,41.43
1679075436357,23.81,42.03
1679076052607,23.75,42.11
1679076668847,23.69,41.81
1679077285181,23.69,41.97
1679077901327,23.62,42.08
1679078517584,23.69,43.67
1679079133837,23.69,45.13
1679079750077,23.69,46.12
1679080366320,23.69,46.76
1679080982551,23.56,46.73
1679081598820,23.5,46.67
1679082215068,23.44,46.64
1679082831293,23.31,46.7
1679083447560,23.31,46.47
1679084063809,23.25,46.28
1679084680049,23.19,46.52
1679085296294,23.12,46.55
1679085912529,23.12,46.88
1679086528788,23.06,47.42
1679087145038,23,47.76
1679087761270,23,48.38
1679088377528,23,48.12
1679088993780,23,47.96
1679089610021,23.06,47.99
1679090226270,23.06,48.55
1679090842488,23.06,48.58
1679091458760,23.06,48.65
1679092075001,23,49.31
1679092691230,23,49.78
1679093307491,23,50.21
1679093923736,22.94,50.8
1679094539985,22.88,50.98
1679095156242,22.81,50.77
1679095772460,22.75,50.41
1679096388720,22.75,50.98
1679097004969,22.69,51.12
1679097621209,22.69,50.86
1679098237467,22.62,51.04
1679098853711,22.62,51.1
1679099469952,22.56,51.42
1679100086204,22.56,51.5
1679100702433,22.5,51.27
1679101318699,22.5,51.21
1679101934942,22.44,51.47
1679102551178,22.44,51.65
1679103167438,22.38,51.48
1679103783689,22.38,51.25
1679104399922,22.31,51.48
1679105016174,22.31,51.51
1679105632403,22.44,51.01
1679106248688,22.5,50.98
1679106864910,22.62,50.92
1679107481140,22.56,51.07
1679108097401,22.56,51.39
1679108713657,22.62,51.39
1679109329894,22.62,51.5
1679109946150,22.56,51.47
1679110562369,22.5,51.42
1679111178633,22.44,51.36
1679111794881,22.44,51.42
1679112411134,22.38,51.13
1679113027381,22.31,50.93
1679113643601,22.25,50.79
1679114259872,22.25,50.61
1679114876116,22.19,50.52
1679115492350,22.19,50.4
1679116108608,22.12,50.27
1679116724855,22.25,49.73
1679117341098,22.31,49.67
1679117957352,22.38,49.57
1679118573572,22.38,49.57
1679119189835,22.44,49.5
1679119806097,22.38,49.5
1679120422342,22.38,49.47
1679121038584,22.31,49.4
1679121654825,22.31,49.37
1679122271070,22.25,49.31
1679122887313,22.31,49.21
1679123503546,22.38,49.21
1679124119812,22.38,49.03
1679124736056,22.5,48.66
1679125352293,22.56,48.57
1679125968541,22.62,48.43
1679126584796,22.62,48.37
1679127201037,22.62,48.3
1679127817290,22.69,48.27
1679128433516,22.62,48.23
1679129049781,22.69,48.17
1679129666032,22.69,48.07
1679130282255,22.69,47.97
1679130898790,22.75,47.83
1679131514773,22.75,47.73
1679132131014,22.69,47.83
1679132747268,22.69,47.9
1679133363486,22.69,47.83
1679133979750,22.62,47.9
1679134596005,22.62,47.9
1679135212233,22.62,47.87
1679135828492,22.56,47.87
1679136444734,22.56,47.83
1679137060980,22.5,47.81
1679137677237,22.5,47.81
1679138293464,22.56,47.08
1679138909715,21.75,39.63
1679139525965,21.56,38.38
1679140142196,21.44,37.64
1679140758463,21.5,37.82
1679141374711,21.25,37.55
1679141990945,21.12,37.22
1679142607209,21.94,36.04
1679143223436,22.06,33.79
1679143839708,22.31,34.12
1679144455934,21.94,33.24
1679145072176,22.44,33.87
1679145688432,22.56,34.04
1679146304682,22.44,34.02
1679146920918,22.38,33.4
1679147537177,22.56,32.68
1679148153397,22.56,32.57
1679148769653,22.62,33.39
1679149385916,22.88,32.96
1679150002129,22.94,33.31
1679150618404,22.19,29.49
1679151234681,21.69,29.61
1679151850895,22.06,31.8
1679152467149,22.25,30.91
1679153083376,22.12,31.64
1679153699626,21.94,31.42
1679154315883,21.88,33.57
1679154932108,21.75,33.89
1679155548375,21.56,34.99
1679156164621,21.38,35.48
1679156780868,21,35.37
1679157397124,21.12,36.23
1679158013341,21.88,37.82
1679158629608,22.38,39.43
1679159245859,22.81,40.69
1679159862088,23.06,40.58
1679160478342,23.56,43.07
1679161094596,23.94,43.32
1679161710819,23.94,43.42
1679162327086,24,44.28
1679162943337,24.69,44.61
1679163559577,25.19,45.48
1679164175829,25.44,45.4
1679164792057,25.69,43.39
1679165408312,25.31,42.93
1679166024565,25.19,42.29
1679166640796,25.12,42
1679167257056,25.06,42
1679167873301,25.31,45.13
1679168489545,25.31,45.81
1679169105796,25.31,44.91
1679169722018,25.25,45.88
1679170338283,25.31,45.38
1679170954541,25.31,45.25
1679171570756,25.56,44.96
1679172187028,25.44,44.93
1679172803266,25.31,45.35
1679173419514,25.31,45.31
1679174035765,25.25,45.39
1679174651997,25.25,44.99
1679175268254,25.12,45.72
1679175884505,25.12,45.32
1679176500746,25.19,46.19
1679177116996,25.38,45.95
1679177733238,25.31,46.44
1679178349492,25.38,45.95
1679178965717,25.38,46.08
1679179582000,25.31,46.28
1679180198219,25.38,46.18
1679180814456,25.5,45.64
1679181430713,25.5,45.44
1679182046977,25.56,46.51
1679182663203,25.25,46.66
1679183279455,24.94,47.21
1679183895683,24.69,47.51
1679184511941,24.5,48.18
1679185128185,24.38,48.46
1679185744424,24.25,48.63
1679186360685,24.12,48.73
1679186976929,24.06,48.7
1679187593180,23.94,48.81
1679188209420,23.88,49.44
1679188825656,23.75,49.51
1679189441909,23.75,49.59
1679190058166,23.69,50.62
1679190674384,23.69,50.42
1679191290674,23.62,50.28
1679191906907,23.56,50.42
1679192523129,23.5,50.59
1679193139403,23.44,51.4
1679193755659,23.38,51.32
1679194371886,23.38,51.5
1679194988137,23.31,51.73
1679195604461,23.31,51.53
1679196220620,23.31,51.23
1679196836873,23.19,50.94
1679197453092,23.25,51.08
1679198069360,23.5,50.79
1679198685604,23.62,51.08
1679199301835,23.69,51.2
1679199918103,23.62,51.63
1679200534326,23.56,51.52
1679201150591,23.5,51.5
1679201766844,23.44,51.11
1679202383072,23.44,50.97
1679202999324,23.38,50.82
1679203615582,23.31,50.85
1679204231811,23.31,50.59
1679204848069,23.25,51.21
1679205464317,23.19,51.32
1679206080565,23.19,51.14
1679206696815,23.12,51.12
1679207313042,23.12,51.3
1679207929320,23.12,51.21
1679208545554,23.12,51.17
1679209161773,23.12,51.11
1679209778031,23.12,51.23
1679210394291,23.19,51.23
1679211010525,23.19,51.06
1679211626782,23.25,50.97
1679212243012,23.25,51.29
1679212859268,23.19,50.68
1679213475521,23.38,50.12
1679214091757,23.56,49.98
1679214708003,23.62,50.05
1679215324240,23.69,49.88
1679215940502,23.75,49.58
1679216556755,23.81,49.47
1679217172971,23.88,49.7
1679217789229,23.88,50.1
1679218405492,23.94,50.07
1679219021724,24,50.2
1679219637983,23.94,47.32
1679220254205,22.94,46.32
1679220870464,22.56,44.17
1679221486722,22.69,42.32
1679222102943,22.69,43.84
1679222719206,22.69,46.38
1679223335456,22.75,46.12
1679223951701,22.88,47.06
1679224567955,22.94,45.84
1679225184183,22.88,45.8
1679225800441,22.81,45.06
1679226416692,22.5,43.85
1679227595893,22.81,45.06
1679227649160,22.62,41.68
1679228265424,22.44,40.01
1679228881655,22.69,41.58
1679229497900,22.69,41.78
1679230114161,22.12,39.68
1679230730395,22.38,39.59
1679231346650,22.75,40.05
1679231962898,22.62,40.13
1679232579144,22.75,41.43
1679233195378,22.56,38.61
1679233811632,22.62,38.01
1679234427876,22.88,37.88
1679235044118,23.12,37.75
1679235660384,23.62,39.42
1679236276634,23.81,40.57
1679236892861,23.81,41.53
1679237509109,23.19,37.67
1679238125356,22.44,36.25
1679238741603,23,37.35
1679239357840,22.88,37.33
1679239974108,22.69,37.02
1679240590345,22.44,36.45
1679241206587,22.56,37.22
1679241822832,22.12,37.56
1679242439079,22.88,38.64
1679243055323,23,40.23
1679243671585,23,41.55
1679244287846,23.06,43.28
1679244904065,23.06,44.07
1679245520303,23.06,44.87
1679246136556,23.19,45.09
1679246752801,23.31,45.64
1679247369050,23.44,45.81
1679247985306,23.5,45.9
1679248601568,23.5,46.03
1679249217789,23.5,46.1
1679249834026,23.5,46.57
1679250450279,23.5,46.34
1679251066526,23.88,47.41
1679251682766,24.06,47.63
1679252299037,24.31,47.76
1679252915263,24.44,49.02
1679253531508,24.44,48.62
1679254147743,24.62,48.15
1679254763995,24.75,48.24
1679255380246,24.94,48.03
1679255996507,25,48.33
1679256612752,25.12,49.29
1679257228992,25.12,47.86
1679257845226,25.12,47.4
1679258461480,25.19,46.99
1679259077719,25.19,46.93
1679259693982,25.19,46.82
1679260310232,25.19,46.42
1679260926465,25.12,46.73
1679261542711,25.19,46.32
1679262158953,25.06,46.76
1679262775203,25.12,47.12
1679263391459,25.25,46.68
1679264007707,25.25,46.31
1679264623947,25.25,46.46
1679265240188,25.25,46.82
1679265856432,25.25,46.64
1679266472682,25.25,46.68
1679267088918,25.25,46.35
1679267705185,25.44,45.1
1679268321433,25.19,46.79
1679268937666,25.31,45.68
1679269553909,25.38,46
1679270170156,25.19,46.46
1679270786399,25.31,45.8
1679271402659,25.38,46.04
1679272018926,25.06,46.63
1679272635139,24.69,47.08
1679273251386,24.5,47.32
1679273867632,24.31,47.66
1679274483900,24.12,48.07
1679275100125,24,48.01
1679275716385,23.88,48.15
1679276332634,23.75,48.21
1679276948863,23.69,48.53
1679277565110,23.56,48.39
1679278181355,23.5,48.63
1679278797601,23.44,48.93
1679279413847,23.44,49.5
1679280030108,23.38,49.6
1679280646359,23.44,49.56
1679281262578,23.62,49.42
1679281878832,23.69,49.81
1679282495078,23.75,49.55
1679283111324,23.69,49.88
1679283727582,23.62,49.69
1679284343835,23.62,49.62
1679284960054,23.56,49.72
1679285576310,23.5,49.72
1679286192556,23.5,50.02
1679286808785,23.5,49.73
1679287425046,23.44,49.63
1679288041295,23.31,49.56
1679288657558,23.25,49.53
1679289273778,23.25,49.56
1679289890039,23.25,50.03
1679290506278,23.25,50.06
1679291122525,23.19,49.76
1679291738775,23.12,49.9
1679292355031,23.12,50.06
1679292971263,23.12,50.03
1679293587511,23.25,50.13
1679294203757,23.44,50.29
1679294820001,23.5,51.02
1679295436250,23.56,51.2
1679296052509,23.62,51.26
1679296668760,23.62,51.31
1679297284986,23.69,51.58
1679297901233,23.69,51.66
1679298517479,23.75,51.81
1679299133719,23.81,51.98
1679299749999,24.06,52.42
1679300366236,24.38,52.33
1679300982465,24.56,51.59
1679301598713,24.69,51.68
1679302214957,24.94,51.41
1679302831212,25.19,51.32
1679303447469,25.12,51.27
1679304063695,25.19,51.06
1679304679933,25.25,50.14
1679305296186,25.12,49.39
1679305912428,25.12,49.29
1679306528695,25.19,49.59
1679307144940,25.19,49.44
1679307761168,25.25,50.34
1679308377416,25.19,50.15
1679308993665,25.19,50.46
1679309609910,25.25,50.46
1679310226167,25.19,50.19
1679310842398,25.31,51.38
1679311458660,25.25,52.03
1679312074887,25.31,51.61
1679313349883,25.69,50.67
1679313966132,25.56,50.34
1679314166046,25.56,50.34
1679314482701,26.06,51.08
1679314500787,26.06,51.08
1679314679875,26.06,51.17
1679314716265,26.06,51.17
1679315496450,26,50.8
1679316112672,26,51.23
1679316607674,26,51.23
1679316729063,25.5,50.6
1679317345190,25.56,50.87
1679317547398,25.56,50.87
1679317586066,25.56,50.87
1679317591371,25.56,50.87
1679318541285,25.56,49.83
1679318577665,25.69,49.2
1679319193918,25.75,48.82
1679319810151,25.81,47.69
1679320426415,25.75,46.19
1679321042642,25.81,46.99
1679321658889,25.75,47.45
1679322275153,25.75,47.92
1679322891381,25.69,47.03
1679323507639,25.56,46.09
1679324123899,25.75,44.48
1679324740119,25.94,43.17
1679325356392,25.94,43.97
1679325972620,26,43.17
1679326588858,26.06,42.96
1679327205132,26.06,42.49
1679327821360,25.88,42.13
1679328437604,26.06,45.41
1679329053865,26.06,44.93
1679329670096,26.06,47.08
1679330286356,25.88,46.69
1679330902589,26.06,44.99
1679331518857,26.06,44.34
1679332135099,26.12,44.83
1679332293757,26.12,44.83
1679332751339,26,44.74
1679333367575,26,45.21
1679333983823,25.94,45.44
1679334600090,25.81,45.28
1679335216318,25.81,45.75
1679335832555,25.62,46.5
1679336448817,25.56,46.8
1679337065053,25.5,46.54
1679337681312,25.5,46.7
1679338297542,25.44,46.64
1679338913785,25.38,46.88
1679339530056,25.44,47.73
1679340146273,25.56,47.03
1679340762532,25.38,47.18
1679341378786,25.44,47.1
1679341995035,25.5,47.2
1679342611258,25.81,47.08
1679343227525,25.75,46.76
1679343843755,25.69,46.83
1679344460012,25.75,46.65
1679345076250,25.75,47.09
1679345692493,25.81,46.43
1679346308758,25.81,47.29
1679346924997,25.81,46.49
1679347541264,25.81,45.72
1679348157472,25.81,45.79
1679348773725,25.75,47.57
1679349389980,25.75,48.49
1679350006217,25.88,48.32
1679350622458,25.94,47.98
1679351238727,26,47.61
1679351854952,26.19,47.1
1679352471204,26.25,46.76
1679353087451,26.31,46.69
1679353703686,26.38,46.56
1679354319936,26.38,46.32
1679354936176,26.44,46.32
1679355552424,26.5,46.25
1679356168696,26.5,46.25
1679356784926,26.56,46.07
1679357401186,26.5,46.05
1679358017429,26.56,45.7
1679358633664,26.25,45.86
1679359249929,25.88,46.38
1679359866167,25.62,47.09
1679360482401,25.38,47.08
1679361098672,25.12,47.66
1679361714897,25,47.67
1679362331138,24.88,48.09
1679362947402,24.75,48.34
1679363563624,24.62,48.34
1679364179894,24.56,48.74
1679364796125,24.44,48.92
1679365412369,24.38,48.89
1679366028630,24.31,48.63
1679366644864,24.19,48.66
1679367261108,24.12,48.89
1679367877362,24.12,48.7
1679368493602,24.06,49.16
1679369109858,24,49.03
1679369726105,24.06,48.86
1679370342331,24,48.6
1679370958603,23.94,48.54
1679371574832,23.94,48.67
1679372191072,23.88,48.57
1679372807331,23.81,48.64
1679373423569,23.75,48.77
1679374039819,23.69,48.92
1679374656073,23.69,49.02
1679375272311,23.69,48.95
1679375888565,23.62,48.92
1679376504800,23.56,48.82
1679377121047,23.5,49.08
1679377737309,23.5,48.99
1679378353532,23.5,48.95
1679378969784,23.44,48.86
1679379586042,23.44,49.18
1679380202273,23.44,49.02
1679380818540,23.38,49.36
1679381434764,23.44,49.39
1679382051013,23.56,50.7
1679382667271,23.56,51.08
1679383283509,23.56,51.46
1679383899755,23.62,51.78
1679384516018,23.62,52.07
1679385132252,23.62,52.57
1679385748496,23.62,52.6
1679386364748,23.56,52.69
1679386980988,23.56,52.57
1679387597238,23.56,52.36
1679388213481,23.56,52.51
1679388829726,23.56,52.65
1679389445978,23.56,52.98
1679390062220,23.62,52.75
1679390678457,23.62,53.24
1679391294728,23.62,52.89
1679391910949,23.56,52.63
1679392527220,23.81,52.94
1679393143451,24.12,53.23
1679393759723,24.44,52.91
1679394375934,24.56,53
1679394992189,24.75,53.17
1679395608445,24.88,53.81
1679396224678,25,53.61
1679396840947,25.12,53.93
1679397457165,25.19,53.72
1679398073419,25.31,53.81
1679398689682,25.38,54.17
1679399305903,25.44,54.28
1679399922149,25.56,54.23
1679400538421,25.69,54.4
1679401154651,25.69,52.72
1679401770913,25.62,50.19
1679402387143,25.38,46.64
1679403003390,25.38,46.51
1679403619650,25.56,46.53
1679404235894,25.25,44.3
1679404852125,25.5,45.09
1679405468408,25.56,45.33
1679406084629,25.44,45.87
1679406700873,25.44,46.5
1679407317110,25.44,46.7
1679407933380,25.44,47.17
1679409171107,26.12,45.95
1679409787334,25.88,47.2
1679410403588,25.94,47.23
1679411019830,26.06,47.52
1679411636088,26.06,47.52
1679412252312,26.12,47.59
1679412868558,26.19,47.34
1679413484833,26.12,47.72
1679414101050,26.12,47.76
1679414717304,25.94,47.96
1679415333567,25.81,48.53
1679415342790,25.81,48.53
1679415350208,25.81,48.53
1679415949795,25.81,47.47
1679416566045,25.94,48.89
1679417182289,25.94,48.89
1679417798537,26,48.42
1679418414798,26.06,47.98
1679419031030,26,48.25
1679419647291,25.94,48.39
1679420263522,25.94,49.05
1679420879766,25.75,48.57
1679421496027,25.81,48.66
1679422112250,25.75,48.4
1679422728503,25.69,48.73
1679423344762,25.75,48.53
1679423960995,25.88,49.49
1679424577263,25.88,48.02
1679425193490,26.06,48.61
1679425809738,26.12,47.88
1679426425992,26.12,48.24
1679427042221,26.19,48.41
1679427658496,26.19,47.95
1679428274713,26.19,47.81
1679428890958,26.12,47.74
1679429507228,26.19,47.64
1679430123451,26.19,47.68
1679430739716,26.06,47.52
1679431355969,26.06,48.09
1679431972192,26,48.59
1679432588452,25.94,48.86
1679433204686,25.88,49.1
1679433820941,25.81,48.76
1679434437202,25.81,48.9
1679435053425,25.69,48.17
1679435669698,25.81,47.86
1679436285913,25.81,47.63
1679436902160,25.88,47.62
1679437518420,25.88,47.3
1679438134658,25.88,46.99
1679438750915,25.88,47.06
1679439367158,25.81,47.03
1679439983402,25.94,47.06
1679440599642,25.88,47.25
1679441215898,25.88,47.06
1679441832133,25.88,46.96
1679442448375,25.88,46.96
1679443064644,25.94,46.96
1679443680871,25.75,46.5
1679444297136,25.75,46.33
1679444913359,25.69,46.27
1679445529611,25.69,46.09
1679446145866,25.88,46.82
1679446762104,25.94,47.32
1679447378343,25.81,47.57
1679447994605,25.75,48.27
1679448610858,25.5,47.78
1679449227106,25.25,48.22
1679449843339,25.12,48.33
1679450459583,25,48.4
1679451075850,24.88,48.8
1679451692073,24.75,48.84
1679452308328,24.69,49.01
1679452924565,24.62,48.82
1679453540812,24.56,49.24
1679454157072,24.5,49.52
1679454773296,24.44,49.18
1679455389545,24.44,49.49
1679456005805,24.38,49.29
1679456622045,24.31,49.53
1679457238280,24.31,49.42
1679457854550,24.25,49.79
1679458470774,24.25,49.92
1679459087043,24.19,50.26
1679459703274,24.12,50.36
1679460319513,24.12,51.19
1679460935780,24.06,50.76
1679461552011,24,50.34
1679462168259,23.94,50.07
1679462784533,23.94,49.9
1679463400749,23.94,49.94
1679464017015,23.88,50.47
1679464633236,23.88,50.69
1679465249488,23.88,50.63
1679465865750,23.81,50.73
1679466481984,23.81,50.91
1679467098219,23.81,50.44
1679467714488,23.75,50.58
1679468330713,23.75,50.54
1679468946976,23.75,50.91
1679469563213,23.75,51.14
1679470179457,23.75,52.3
1679470795726,23.75,51.98
1679471411945,23.69,51.34
1679472028196,23.75,51.55
1679472644650,23.69,51.66
1679473260690,23.69,51.55
1679473876945,23.75,51.23
1679474493183,23.75,51.55
1679475109427,23.69,51.93
1679475725681,23.69,51.31
1679476341919,23.75,53.5
1679476958159,23.75,53.1
1679477574428,23.69,52.3
1679478190659,23.69,52.01
1679478806921,23.62,51.69
1679479423158,23.5,50.79
1679480039397,23.56,50.02
1679480655658,23.62,48.89
1679481271897,23.5,47.2
1679481888137,23.56,48.39
1679482504395,23.62,49.45
1679483120627,23.69,50.73
1679483736889,23.75,51.43
1679484353119,23.75,51.81
1679484969366,23.75,51.72
1679485585627,23.75,51.34
1679486201856,23.75,50.31
1679486818115,23.69,50.82
1679487434359,23.56,51.26
1679488050589,23.56,50.11
1679488666871,23.62,50.47
1679489283079,23.5,49.95
1679489899335,23.62,49.15
1679490515601,23.31,48.31
1679491131828,23.38,47.87
1679491748076,23.44,48.03
1679492364327,23.44,47.54
1679492980559,23.38,47.54
1679493596828,23.25,46.58
1679494213058,23.31,46.84
1679494829298,23.25,47.25
1679495445568,23.19,46.56
1679496061791,23.25,47.31
1679496678045,23.25,47.54
1679497294306,23.25,46.35
1679497910536,23.25,45.52
1679498526806,23.38,46.04
1679499143022,23.44,45.8
1679499759269,23.5,46.2
1679500375530,23.62,46.66
1679500991770,23.62,46.66
1679501608024,23.62,45.6
1679502224270,23.5,44.75
1679502840525,23.5,46.1
1679503456774,23.44,46.28
1679504072999,23.38,46.35
1679504689238,23.38,46.57
1679505305506,23.31,46.54
1679505921733,23.31,46.7
1679506537983,23.38,46.67
1679507154241,23.38,46.48
1679507770475,23.31,46.48
1679508386722,23.38,46.35
1679509002981,23.38,46.41
1679509619225,23.31,46.65
1679510235472,23.25,46.41
1679510851801,23.25,46.52
1679511467967,23.25,46.82
1679512084218,23.19,46.5
1679512700448,23.12,46.5
1679513316691,23.12,46.46
1679513933079,23.06,46.36
1679514549193,23,46.5
1679515165430,23,46.39
1679515781703,23,46.5
1679516397932,23,46.47
1679517014195,22.94,46.54
1679517630425,22.94,46.54
1679518246661,22.88,46.76
1679518862912,22.88,46.6
1679519479155,22.81,46.54
1679520095401,22.81,46.76
1679520711672,22.81,46.6
1679521327892,22.81,46.47
1679521944153,22.75,46.54
1679522560398,22.75,46.67
1679523176624,22.75,46.57
1679523792917,22.69,46.68
1679524409126,22.69,46.67
1679525025381,22.69,46.6
1679525641628,22.56,46.72
1679526257857,22.56,46.68
1679526874119,22.5,46.58
1679527490356,22.44,46.6
1679528106603,22.5,47.87
1679528722855,22.5,48.73
1679529339088,22.5,48.88
1679529955341,22.56,48.9
1679530571594,22.75,49.98
1679531187834,22.81,52.2
1679531804098,22.81,52.9
1679532420329,22.81,53.16
1679533036574,22.81,53.57
1679533652831,22.81,53.57
1679534269073,22.81,53.72
1679534885314,22.81,53.8
1679535501564,22.81,53.54
1679536117799,22.75,53.89
1679536734072,22.75,53.62
1679537350300,22.75,53.62
1679537966543,22.75,53.75
1679538582798,22.75,53.94
1679539199029,22.75,53.94
1679539815274,22.75,54.01
1679540431537,22.75,54.04
1679541047776,22.75,54.74
1679541664018,22.75,54.65
1679542280274,22.75,54.5
1679542896508,22.75,54.5
1679543512765,22.75,54.88
1679544129000,22.81,54.71
1679544745273,23,54.39
1679545361514,23.12,54.2
1679545977745,23.19,54.03
1679546593991,23.25,54.09
1679547210248,23.25,54.5
1679547826482,23.19,54.59
1679548442741,23.19,54.68
1679549058977,23.19,54.53
1679549675220,23.19,54.33
1679550291490,23.19,54.3
1679550907727,23.12,54.59
1679551523953,23.06,54.53
1679552140227,23,54.3
1679552756455,23,54.09
1679553372701,23,53.94
1679553988961,22.94,53.92
1679554605192,22.94,53.97
1679555221430,22.88,53.92
1679555837699,22.88,53.89
1679556453932,22.88,53.86
1679557070192,22.88,53.89
1679557686427,22.88,53.83
1679558302672,22.88,53.89
1679558918933,22.94,53.89
1679559535162,22.94,53.97
1679560151410,22.94,54.07
1679560767678,23,54.07
1679561383910,23,53.97
1679562000147,23,53.97
1679562616400,23,54.44
1679563232642,23,54.68
1679563848912,23,54.74
1679564465134,22.94,52.23
1679565081378,22.88,50.51
1679565697642,23,49.57
1679566313883,23.12,49.5
1679566930128,23.31,48.89
1679567546389,23.5,51.72
1679568162619,23.62,53.21
1679568778874,23.69,53.07
1679569395101,23.75,53.33
1679570011347,23.75,53.88
1679570627617,23.69,53.62
1679571243840,23.62,53.53
1679571860082,23.56,53.5
1679572476341,23.56,53.27
1679573092576,23.5,53.04
1679573708835,23.5,52.92
1679574325093,23.5,52.89
1679574941312,23.5,52.78
1679575557586,23.5,52.6
1679576173809,23.5,52.4
1679576790058,23.5,52.46
1679577406312,23.56,52.07
1679578022553,23.62,51.9
1679578638794,23.75,51.58
1679579255049,23.81,51.51
1679579871288,23.81,51.46
1679580487549,23.75,51.46
1679581103780,23.75,51.49
1679581720027,23.75,51.46
1679582336308,23.75,51.37
1679582952520,23.75,51.31
1679583568756,23.75,51.55
1679584185031,23.75,51.66
1679584801253,23.75,51.69
1679585417511,23.69,51.87
1679586033761,23.62,51.9
1679586649994,23.62,51.93
1679587266250,23.56,51.93
1679587882498,23.56,51.93
1679588498738,23.5,51.96
1679589115010,23.5,51.96
1679589731236,23.5,51.93
1679590347498,23.5,51.93
1679590963720,23.56,51.81
1679591579958,23.56,51.72
1679592196225,23.62,51.63
1679592812460,23.62,51.63
1679593428724,23.62,51.61
1679594044949,23.56,51.66
1679594661199,23.56,51.66
1679595277438,23.56,51.63
1679595893706,23.56,51.66
1679596509933,23.56,51.66
1679597126196,23.56,51.66
1679597742438,23.56,51.69
1679598358672,23.56,51.72
1679598974928,23.62,51.69
1679599591167,23.62,51.72
1679600207412,23.62,51.69
1679600823664,23.56,51.79
1679601439907,23.56,51.93
1679602056171,23.56,52.14
1679602672390,23.5,52.22
1679603288654,23.5,52.28
1679603904918,23.5,52.25
1679604521146,23.5,52.25
1679605137397,23.44,52.25
1679605753622,23.44,52.31
1679606369876,23.44,52.25
1679606986149,23.38,52.28
1679607602372,23,51.12
1679608218611,22.88,51.94
1679608834879,22.81,52.14
1679609451107,23,53.8
1679610067349,23.12,53.62
1679610683610,23.19,53.42
1679611299855,23.19,53.36
1679611916110,23.25,53.01
1679612532339,23.25,53.07
1679613148582,23.25,53.21
1679613764844,23.25,53.24
1679614381075,23.19,53.21
1679614997344,23.19,53.3
1679615613566,23.19,53.53
1679616229817,23.19,53.68
1679616846080,23.19,53.8
1679617462335,23.19,54.3
1679618078553,23.19,54.38
1679618694813,23.19,54.33
1679619311045,23.19,54.5
1679619927304,23.19,54.53
1679620543538,23.19,54.97
1679621159793,23.12,54.91
1679621776155,23.12,54.73
1679622392271,23.12,55
1679623008523,23.12,55.32
1679623624793,23.12,55.29
1679624241025,23.12,55.29
1679624857273,23.06,55.43
1679625473510,23.06,55.55
1679626089754,23.06,55.72
1679626706013,23.06,55.81
1679627322248,23,55.75
1679627938493,23.06,55.96
1679628554753,23,55.78
1679629170987,23,55.55
1679629787252,23,55.52
1679630403476,23,55.52
1679631019722,23,55.64
1679631635985,22.94,55.84
1679632252215,22.94,55.9
1679632868455,22.94,56.07
1679633484719,22.94,56.48
1679634100953,22.94,56.92
1679634717221,22.94,57.19
1679635333448,22.94,57.33
1679635949696,22.94,57.06
1679636565956,22.94,56.84
1679637182181,22.94,56.19
1679637798441,22.94,55.93
1679638414724,22.88,55.72
1679639030918,22.88,55.49
1679639647181,22.94,55.14
1679640263419,22.94,55.38
1679640879669,22.94,55.35
1679641495938,22.94,55.29
1679642112169,22.94,55.14
1679642728420,23.06,55.08
1679643344655,23.19,54.55
1679643960896,23.44,54.06
1679644577155,23.62,54.23
1679645193390,23.81,54.3
1679645809635,23.94,54.03
1679646425898,24.06,53.79
1679647042138,24.19,53.47
1679647658395,24.31,53.3
1679648274619,24.44,53.14
1679648890858,24.56,52.77
1679649507127,24.62,52.3
1679650123369,24.69,52.03
1679650739608,24.69,50.17
1679651355869,24.62,49.21
1679651972105,24.5,48.91
1679652588357,24.5,50.14
1679653204588,24.38,49.55
1679653820843,24.44,48.95
1679654437095,24.12,49.21
1679655053335,24.25,49.26
1679655669571,24.19,48.3
1679656285836,24.12,49.23
1679656902067,24.19,52.27
1679657518324,24.06,52.18
1679658134558,24.38,52.33
1679658750804,24.38,51.77
1679659367080,24.56,51.09
1679659983304,24.69,51.44
1679660599547,24.69,49.8
1679661215797,24.31,48.8
1679661832038,24,46.02
1679662448295,24.12,45.82
1679663064529,24.06,45.12
1679663680785,23.94,45.26
1679664297037,24.62,44.81
1679664913264,24.75,44.58
1679665529539,24.81,44.4
1679666145759,25.12,45.81
1679666762019,25.31,46.71
1679667378268,25.44,47.1
1679667994507,25.5,48.6
1679668610743,25.56,48.2
1679669227004,25.56,48.66
1679669843244,25.69,48.3
1679670459510,25.75,48.3
1679671075738,25.81,48.19
1679671691983,25.81,48.19
1679672308228,25.81,48.49
1679672924477,25.94,48.34
1679673540721,25.94,48.48
1679674156976,25.94,48.51
1679674773205,25.94,48.54
1679675389470,26,48.58
1679676005687,25.56,48.95
1679676621928,25.5,49.97
1679677238185,25.44,49.89
1679677854423,25.19,50.36
1679678470676,25.19,50.5
1679679086933,25.06,51.3
1679679703159,25.5,50.58
1679680319446,25.12,51.15
1679680935662,25,51.62
1679681551908,25,51.88
1679682168179,24.88,52.03
1679682784406,24.88,51.88
1679683400658,25.25,52.26
1679684016890,25.5,51.88
1679684633143,25.62,51.75
1679685249409,25.62,51.88
1679685865632,25.62,52.23
1679686481887,25.69,51.9
1679687098117,25.75,51.82
1679687714363,25.75,51.82
1679688330632,25.88,51.43
1679688946862,26.06,51.16
1679689563102,26.25,50.98
1679690179386,26.38,50.8
1679690795602,26.62,50.69
1679691411860,26.5,50.9
1679692028099,26.38,51.33
1679692644342,26.25,51.43
1679693260619,26.12,51.66
1679693876837,26,51.98
1679694493086,25.94,52.04
1679695109349,25.81,52.17
1679695725575,25.75,52.31
1679696341821,25.69,52.72
1679696958085,25.62,52.99
1679697574323,25.5,53.26
1679698190589,25.5,53.2
1679698806795,25.38,53.52
1679699423039,25.19,54.2
1679700039304,25.06,54.23
1679700655541,24.94,54.2
1679701271787,24.88,54.26
1679701888029,24.81,54.91
1679702504272,24.75,54.59
1679703120524,24.69,54.67
1679703736786,24.69,55.08
1679704353045,24.62,55.29
1679704969289,24.62,55.23
1679705585517,24.5,56.31
1679706201755,24.5,56.08
1679706818029,24.44,56.34
1679707434252,24.38,56.55
1679708050488,24.38,56.19
1679708666752,24.38,56.19
1679709282996,24.31,56.37
1679709899247,24.25,56.72
1679710515479,24.25,56.75
1679711131718,24.19,56.93
1679711747993,24.19,57.42
1679712364210,24.19,56.9
1679712980464,24.12,57.04
1679713596725,24.12,57.13
1679714212948,24.06,57.3
1679714829196,24,57.54
1679715445460,24,57.6
1679716061696,24,57.62
1679716677966,24,57.68
1679717294188,23.94,57.71
1679717910445,23.94,57.86
1679718526691,23.88,57.8
1679719142925,23.88,57.74
1679719759163,23.88,57.62
1679720375427,23.81,57.54
1679720991663,23.81,57.51
1679721607912,23.81,57.39
1679722224173,23.75,57.45
1679722840396,23.75,57.3
1679723456667,23.75,57.13
1679724072893,23.75,57.13
1679724689143,23.69,57.19
1679725305395,23.69,57.03
1679725921626,23.69,57.13
1679726537874,23.69,57.03
1679727154146,23.75,57.33
1679727770385,23.75,57.59
1679728386643,23.75,57.62
1679729002866,23.75,57.24
1679729619105,23.75,57.22
1679730235369,23.75,57.13
1679730851606,23.75,57.36
1679731467843,23.69,57.51
1679732084111,23.75,58
1679732700368,23.69,57.77
1679733316598,23.62,57.36
1679733932841,23.69,57.06
1679734549082,23.69,57.03
1679735165339,23.62,56.81
1679735781571,23.62,56.63
1679736397821,23.69,56.48
1679737014081,23.62,56.42
1679737630312,23.62,55.2
1679738246570,22.88,49.67
1679738862830,22.94,47.57
1679739479049,23.06,47.89
1679740095327,23.19,47.82
1679740711545,23.25,50.4
1679741327966,23.31,50.59
1679741944073,23.38,51.4
1679742560281,23.31,51.56
1679743176538,23.62,52.4
1679743792784,23.81,52.69
1679744409039,23.88,52.91
1679745025288,23.88,53.15
1679745641513,23.88,53.15
1679746257770,23.88,53.09
1679746874021,23.88,53.09
1679747490261,23.81,53.09
1679748106491,23.88,52.98
1679748722742,23.94,52.94
1679749338987,23.94,52.94
1679749955244,24,52.85
1679750571493,24,52.74
1679751187723,24,52.5
1679751803990,24.12,51.54
1679752420226,24.25,50.92
1679753036469,24.19,50.75
1679753652739,24.12,50.92
1679754268958,24.12,51.25
1679754885360,24.12,51.37
1679755501445,24.25,51.16
1679756117708,24.31,50.92
1679756733963,24.31,50.75
1679757350196,24.38,50.69
1679757966448,24,46.85
1679758582698,24.06,43.71
1679759198939,24.06,44
1679759815199,24.25,46.39
1679760431430,24.31,47.15
1679761047675,24.19,47.76
1679761663938,24.12,48.39
1679762280171,24.06,48.76
1679762896418,24.06,49.16
1679763512669,23.94,49.53
1679764128906,23.88,49.73
1679764745166,23.81,50.04
1679765361399,23.75,50.21
1679765977647,23.69,50.44
1679766593894,23.62,50.58
1679767210129,23.62,50.7
1679767826374,23.56,50.79
1679768442629,23.62,50.65
1679769058867,23.62,50.7
1679769675114,23.62,50.82
1679770291390,23.62,50.85
1679770907606,23.62,51.02
1679771523879,23.56,51.05
1679772140102,23.56,51.14
1679772756346,23.56,51.23
1679773372607,23.5,51.31
1679773988836,23.5,51.34
1679774605083,23.44,51.4
1679775221341,23.44,51.46
1679775837579,23.44,51.4
1679776453829,23.38,51.5
1679777070069,23.38,51.46
1679777686314,23.38,51.53
1679778302593,23.31,51.55
1679778918806,23.25,51.58
1679779535052,23.25,51.7
1679780151314,23.5,51.28
1679780767544,22.88,48.28
1679781383798,22.56,47.26
1679782000085,23.06,49.05
1679782616289,23.31,49.95
1679783232539,23.38,50.76
1679783848781,23.44,51.2
1679784465034,23.44,51.55
1679785081287,23.5,51.84
1679785697518,23.5,52.19
1679786313754,23.44,52.4
1679786930019,23.44,52.52
1679787546254,23.5,52.72
1679788162521,23.5,52.83
1679788778747,23.5,52.98
1679789395004,23.44,52.89
1679790011252,23.44,52.89
1679790627486,23.38,53.07
1679791243740,23.38,53.24
1679791860005,23.38,53.56
1679792476233,23.38,54.23
1679793092487,23.31,54.38
1679793708727,23.31,54.68
1679794324964,23.31,54.7
1679794941225,23.25,54.76
1679795557468,23.25,54.91
1679796173695,23.25,55.49
1679796789964,23.19,55.64
1679797406194,23.19,56.01
1679798022466,23.19,55.26
1679798638685,23.12,53.6
1679799254934,23.06,53.19
1679799871193,23.06,53.13
1679800487435,23.06,53.68
1679801103675,23,52.95
1679801719946,23,52.34
1679802336158,22.94,52.81
1679802952412,22.94,52.2
1679803568672,22.88,51.85
1679804184903,22.81,51.91
1679804801160,22.81,51.91
1679805417389,22.81,51.71
1679806033651,22.75,52.11
1679806649916,22.75,51.44
1679807266138,22.69,51.44
1679807882380,22.5,51.37
1679808498657,22.56,50.69
1679809114874,22.56,51.04
1679809731146,22.69,51.5
1679810347368,22.81,51.68
1679810963613,22.88,52.05
1679811579877,22.94,51.33
1679812196116,23,51.5
1679812812358,23,51.12
1679813428603,22.88,51.38
1679814044840,23,51.12
1679814661112,22.94,50.63
1679815277326,23.06,50.92
1679815893576,23.12,50.8
1679816509847,23.12,50.59
1679817126078,23.06,49.88
1679817742330,23.12,50.06
1679818358582,23.19,49.8
1679818974818,23.25,50.43
1679819591087,23.19,49.4
1679820207315,23.25,49.53
1679820823553,23.25,49.53
1679821439823,23.31,49.56
1679822056048,23.25,49.2
1679822672320,23.62,52.54
1679823288548,23.81,50.72
1679823904782,24.19,50.09
1679824521043,24.38,49.22
1679825137274,24.56,49.51
1679825753544,24.75,49.87
1679826369767,24.88,49.76
1679826986021,24.94,49.82
1679827602286,25.06,49.25
1679828218508,25.12,46.39
1679828834779,25.31,45.78
1679829450996,25.44,45.87
1679830067253,25.62,46.19
1679830683517,25.75,46.7
1679831299736,25.69,44.09
1679831915992,25.81,45.58
1679832532254,25.81,45.05
1679833148483,25.94,45.75
1679833764744,26.06,45.64
1679834380976,26.06,45.51
1679834997225,26.06,46.71
1679835613471,25.94,44.68
1679836229727,26,46.14
1679836845962,26.06,45.41
1679837462210,26.06,44.58
1679838078443,26.12,44.97
1679838694715,26,45.02
1679839310946,26,45.51
1679839927186,26,45.84
1679840543458,26,45.35
1679841159682,26,44.32
1679841775942,26,45.58
1679842392177,25.88,45.16
1679843008415,25.94,46.22
1679843624685,25.81,46.43
1679844240908,25.88,46.38
1679844857153,25.81,46.63
1679845473425,25.81,46.56
1679846089646,26,46.55
1679846705904,26.12,46.51
1679847322134,26.19,46.64
1679847938404,26.25,47
1679848554654,26.31,47.2
1679849170874,26.25,46.98
1679849787130,26.19,47.28
1679850403388,26.12,47.64
1679851019616,26.06,47.69
1679851635877,25.94,48.03
1679852252116,26,47.79
1679852868370,25.88,48.13
1679853484601,25.88,48.06
1679854100845,25.69,48.27
1679854717114,25.81,48.41
1679855333343,25.81,48.4
1679855949606,25.88,47.76
1679856565830,25.88,47.53
1679857182074,25.94,48.16
1679857798337,25.94,48.63
1679858414576,25.94,48.56
1679859030816,25.94,48.27
1679859647087,25.81,47.96
1679860263308,25.81,47.79
1679860879553,25.75,47.4
1679861495991,25.75,47.6
1679862112067,25.69,47.53
1679862728308,25.88,48.57
1679863344537,26.06,49.16
1679863960784,26,49.36
1679864577052,25.94,48.76
1679865193277,25.94,48.76
1679865809546,25.94,48.96
1679866425900,25.69,48.8
1679867042016,25.56,48.34
1679867658275,25.44,48.08
1679868274506,25.25,48.15
1679868890752,25.19,48.03
1679869507011,25.12,48.3
1679870123247,25.31,50.14
1679870739512,25.44,50.65
1679871355736,25.31,51.68
1679871971977,25.31,52.03
1679872588243,25,52.62
1679873204474,24.81,52.42
1679873820735,24.69,52.71
1679874436982,24.44,52.62
1679875053213,24.31,52.51
1679875669470,24.19,53.07
1679876285704,24.12,53.21
1679876901952,24,53.21
1679877518218,23.94,53.18
1679878134443,23.88,53.04
1679878750718,23.81,53.3
1679879366936,23.75,52.98
1679879983181,23.69,53.04
1679880599438,23.62,52.78
1679881215670,23.56,52.89
1679881831919,23.56,52.22
1679882448173,23.56,52.57
1679883064405,23.56,53.24
1679883680666,23.44,52.72
1679884296897,23.44,52.72
1679884913161,23.38,52.52
1679885529430,23.38,52.52
1679886145644,23.31,52.75
1679886761888,23.25,52.49
1679887378144,23.25,52.55
1679887994382,23.19,52.29
1679888610625,23.12,52.05
1679889226889,23.12,52.2
1679889843223,23.06,52.31
1679890459371,23.06,52.29
1679891075622,23.06,52.4
1679891692056,23,52.4
1679892308110,22.94,52.58
1679892924345,22.94,52.32
1679893540614,22.94,52.17
1679894156856,22.94,52.78
1679894773096,22.88,53.04
1679895389340,22.88,53.33
1679896005585,22.88,53.57
1679896621821,22.88,53.43
1679897238092,22.88,53.57
1679897854316,22.88,53.31
1679898470576,22.88,53.92
1679899086817,22.88,53.86
1679899703053,22.88,54.09
1679900319320,22.88,54.5
1679900935563,22.75,52.75
1679901551800,22.69,52.9
1679902168079,22.69,52.9
1679902784292,22.69,52.7
1679903400545,22.56,52.49
1679904016785,22.44,52.79
1679904633030,22.31,52.18
1679905249290,22.12,51.31
1679905865524,22.06,51.25
1679906481772,21.75,51.55
1679907098026,21.5,51.6
1679907714266,21.5,50.53
1679908330527,21.56,50.2
1679908946769,21.06,50.28
1679909563015,20.88,49.47
1679910179272,20.69,49.08
1679910795513,20.56,49.29
1679911411752,20.69,50.13
1679912028019,21.94,49.61
1679912644247,22.5,49.26
1679913260497,22.94,49.54
1679913876739,23.31,51.29
1679914492985,23.62,52.04
1679915109233,23.88,51.81
1679915725468,24.12,51.51
1679916341737,24.19,51.33
1679916957952,24.5,53.23
1679917574219,24.56,53.44
1679918190451,24.62,52.3
1679918806695,24.88,51.65
1679919422964,25,51.94
1679920039183,25.25,52.26
1679920655451,25.44,51.43
1679921271681,25.44,50.81
1679921887931,25.31,49.44
1679922504192,25.44,48.53
1679923120422,25.56,47.23
1679923736679,25.75,46.79
1679924352931,25.81,46.72
1679924969152,25.88,47.09
1679925585437,25.88,47.25
1679926201655,25.81,46.45
1679926817910,25.94,46.14
1679927434174,26.06,45.73
1679928050404,26.31,40.37
1679928666651,26.31,41.78
1679929282884,26.5,42.4
1679929899120,26.56,42.52
1679930515390,26.75,41.88
1679931131615,26.56,36.24
1679931747892,26.69,37.04
1679932364125,26.62,38.88
1679932980356,26.88,40.23
1679933596635,27.06,41.06
1679934212862,27.06,43.84
1679934829119,27,44.32
1679935445346,26.94,45.12
1679936061598,26.94,45.38
1679936677862,24.81,43.74
1679937294092,24.25,42
1679937910339,23.25,42.95
1679938526587,23,39.6
1679939142955,23.31,41.58
1679939759193,25.19,42.74
1679940375314,25.62,43.82
1679940991563,25.12,42.8
1679941607832,25.31,42.31
1679942224053,25.38,42.25
1679942840323,25.81,44.65
1679943456553,26,45.77
1679944072790,26.19,46.37
1679944689047,26.25,46.87
1679945305283,26.25,47.43
1679945921527,26.31,47.77
1679946537800,26.38,47.43
1679947154028,26.38,47.73
1679947770284,26.38,47.39
1679948386505,26.38,47.36
1679949002757,26.31,47.73
1679949619030,26.25,48.8
1679950235253,26.19,49.25
1679950851520,26.19,48.8
1679951467744,26.12,49.31
1679952083999,26.12,48.68
1679952700261,26.06,48.65
1679953316492,25.94,49.22
1679953932746,25.94,49.46
1679954548976,25.94,49.63
1679955165224,25.88,49.43
1679955781488,25.81,49.17
1679956397722,25.5,49.95
1679957013949,25.25,50.69
1679957630218,25.06,51.24
1679958246450,24.88,51.36
1679958862731,24.81,51.77
1679959478941,24.69,51.8
1679960095191,24.62,51.95
1679960711444,24.5,52.18
1679961327679,24.44,52.36
1679961943927,24.31,52.62
1679962560193,24.31,52.65
1679963176421,24.25,52.77
1679963792705,24.19,53.3
1679964408913,24.19,53.12
1679965025151,24.12,52.94
1679965641421,24.06,53.04
1679966257680,24,53.44
1679966873897,24,53.42
1679967490159,23.94,53.42
1679968106398,23.94,54.35
1679968722674,23.88,54
1679969338881,23.88,54.14
1679969955127,23.88,54.17
1679970571393,23.88,54.17
1679971187639,23.88,54.26
1679971803868,23.88,54.32
1679972420129,23.81,54.3
1679973036358,23.81,54.47
1679973652635,23.81,54.59
1679974268862,23.81,54.62
1679974885097,23.75,54.82
1679975501360,23.75,54.82
1679976117592,23.69,54.82
1679976733850,23.69,54.73
1679977350085,23.69,54.7
1679977966329,23.81,54.67
1679978582582,23.88,54.52
1679979198820,23.88,54.35
1679979815078,23.94,54.52
1679980431325,24,54.59
1679981047561,24,54.55
1679981663820,24,54.67
1679982280062,23.94,54.49
1679982896292,24,54.35
1679983512557,24,54.49
1679984128798,23.94,54.23
1679984745028,24,54.32
1679985361303,23.94,54.35
1679985977526,23.94,54.3
1679986593795,23.94,54.14
1679987210015,24,54.3
1679987826265,24,54.03
1679988442532,24,54.03
1679989058764,24,53.85
1679989675026,24,53.97
1679990291270,24,53.91
1679990907499,23.94,53.65
1679991523768,24,53.76
1679992139981,24.06,53.94
1679992756247,24.06,54.14
1679993372505,24.06,54.38
1679993988727,24.12,54.23
1679994604989,24.38,54
1679995221239,24.69,53.59
1679995837482,24.88,53.11
1679996453715,25.12,52.91
1679997069970,25.25,53.55
1679997686234,25.38,54.23
1679998302450,25.44,53.23
1679998918726,25.5,53.49
1679999534946,25.62,52.61
1680000151201,25.62,52.05
1680000767452,25.69,51.49
1680001383675,25.75,51.31
1680001999946,25.81,51.34
1680002616165,25.81,48.92
1680003232421,25.69,46.34
1680003848673,25.75,45.16
1680004464906,25.88,45.79
1680005081172,25.94,46.35
1680005697416,25.94,46.76
1680006313650,25.88,45.39
1680006929923,25.69,43.13
1680007546142,25.5,41.24
1680008162405,25.5,41.28
1680008778636,25.56,42.03
1680009394882,25.69,43.09
1680010011146,25.94,44.51
1680010627375,26.12,46.6
1680011243646,26.25,47.5
1680011859866,26.5,49.09
1680012476127,26.56,51.17
1680013092370,26.69,49.82
1680013708603,26.75,49.37
1680014324874,26.62,49.62
1680014941089,26.75,48.5
1680015557345,26.62,49.45
1680016173610,26.56,49.09
1680016789837,26.5,48.39
1680017406092,26.44,48.19
1680018022338,26.38,47.89
1680018638587,26.38,48.1
1680019254838,26.25,47.97
1680019871066,26.25,49.08
1680020487325,26.56,48.85
1680021103572,26.62,49.73
1680021719818,26.69,50.59
1680022336063,26.69,49.62
1680022952309,26.69,50.08
1680023568541,26.69,49.79
1680024184806,26.69,50.73
1680024801037,26.62,49.82
1680025417313,26.62,51.33
1680026033520,26.56,50.3
1680026649785,26.5,50.64
1680027266022,26.5,50.24
1680027882272,26.44,50.24
1680028498522,26.38,51.72
1680029114759,26.31,52.36
1680029731036,26.31,52.13
1680030347246,26.31,51.89
1680030963512,26.25,52.25
